{
"bannerlists":[
	{
		"id":1,
		"srco":"/static/b3.png",
		"title":"第1张图",
		"href":"https://baidu.com"
	},
	{
		"id":2,
		"srco":"/static/b4.png",
		"title":"第2张图",
		"href":"https://baidu.com"
	},
	{
		"id":3,
		"srco":"/static/b2.png",
		"title":"第3张图",
		"href":"https://baidu.com"
	},
	{
		"id":4,
		"srco":"/static/b1.png",
		"title":"第4张图",
		"href":"https://baidu.com"
	}
  ],

 

	"login":{
	 	"u_account":"18721781234",
	 	"u_token":"qwertyuiop123456"
	},
	"checkAccount":{
		"isExist":false
	},
	"getCheckNum":{
		"checkNumber":"uwv6"
	},
	"register":{
	 	"u_account":"12345678900",
	 	"u_token":"qw12324fdsfd"
	},
	"register":{
		"status":0,
		"message":"",
		"data":{
		 	"u_account":"12345678900",
		 	"u_token":"qw12324fdsfd"
	 	}
	},

	"getPopType":[
		{"gt_id":1,
		 "gt_name":"冬款上新",
		 "gt_status":0,
		 "gt_icon":"/static/c1.png",
		 "gt_parent_id":""
		},
		{"gt_id":2,
		 "gt_name":"新款毛呢",
		 "gt_status":0,
		 "gt_icon":"/static/c2.png",
		 "gt_parent_id":""
		},
		{"gt_id":3,
		 "gt_name":"毛衣",
		 "gt_status":0,
		 "gt_icon":"/static/c3.png",
		 "gt_parent_id":""
		},
		{"gt_id":4,
		 "gt_name":"靴子",
		 "gt_status":0,
		 "gt_icon":"/static/c4.png",
		 "gt_parent_id":""
		}
	],

	"productList":[
	  	{
			"g_id":1,
			"g_img":["/static/d1.png","/static/d2.png","/static/d3.png","/static/d4.png"],
			"g_title":"时尚风衣",
			"g_price":100,
			"g_originalCost":145,
			"g_describe":"送腰带~夏新款韩版宽松显瘦纯色"		
		},
		{
			"g_id":2,
			"g_img":["/static/d2.png","/static/d3.png","/static/d4.png"],
			"g_title":"时尚风衣",
			"g_price":100,
			"g_originalCost":145,
			"g_describe":"送腰带~夏新款韩版宽松显瘦纯色"		
		},
		{
			"g_id":3,
			"g_img":["/static/d3.png","/static/d4.png"],
			"g_title":"时尚风衣",
			"g_price":100,
			"g_originalCost":145,
			"g_describe":"送腰带~夏新款韩版宽松显瘦纯色"		
		},
		{
			"g_id":4,
			"g_img":["/static/d4.png"],
			"g_title":"时尚风衣",
			"g_price":100,
			"g_originalCost":145,
			"g_describe":"送腰带~夏新款韩版宽松显瘦纯色"		
		}			
	],

	"getdetails":
  	{
		"g_id":1,
		"g_title":"时尚风衣",
		"g_img":["/static/d1.png","/static/d2.png","/static/d3.png","/static/d4.png"],
		"g_price":100,
		"g_salesvolume":8888,
		"g_address":"上海",
		"g_status":0,
		"iscollect":true,
		"t_comment":[
			{
				"com_id":1,
				"u_id":1,
				"u_icon":"/static/u1.png",
				"u_nickname":"单色凌",
				"com_content":"宝贝非常漂亮 客服态度也很好 下次还会继续来买的",
				"com_star":5,
				"com_date":"2017.09.18"				
			},
			{
				"com_id":3,
				"u_id":2,
				"u_icon":"/static/u3.png",
				"u_nickname":"林俊杰",
				"com_content":"因为在 一千年以后世界早已没有我无法深情挽着你的手浅吻着你额头",
				"com_star":4,
				"com_date":"2017.09.18",
				"islast":true				
			}			
  		]
	},
	"addShoppingList":{
		"issuccess":true
	},
	"isCollect":{
		"issuccess":true
	},
	"allProTypeList":{
		"parent":[
			{"gt_id":1,
			 "gt_name":"冬款上新",
			 "gt_status":0,
			 "gt_icon":"/static/c1.png",
			 "gt_parent_id":""
			},
			{"gt_id":2,
			 "gt_name":"新款毛呢",
			 "gt_status":0,
			 "gt_icon":"/static/c2.png",
			 "gt_parent_id":""
			},
			{"gt_id":3,
			 "gt_name":"毛衣",
			 "gt_status":0,
			 "gt_icon":"/static/c3.png",
			 "gt_parent_id":""
			},
			{"gt_id":4,
			 "gt_name":"靴子",
			 "gt_status":0,
			 "gt_icon":"/static/c4.png",
			 "gt_parent_id":""
			}
		],
		"child":[
			{
				"gt_id":11,
				"gt_name":"上衣",
				"gt_status":0,
				"gt_icon":"/static/t3.png",
				"gt_parent_id":"1"
			},
			{
				"gt_id":12,
				"gt_name":"包包",
				"gt_status":0,
				"gt_icon":"/static/t2.png",
				"gt_parent_id":"2"
			},
			{
				"gt_id":13,
				"gt_name":"裙子",
				"gt_status":0,
				"gt_icon":"/static/t4.png",
				"gt_parent_id":"3"
			},
			{
				"gt_id":14,
				"gt_name":"冬新上",
				"gt_status":0,
				"gt_icon":"/static/t1.png",
				"gt_parent_id":"1"
			},
			{
				"gt_id":15,
				"gt_name":"毛衣",
				"gt_status":0,
				"gt_icon":"/static/t3.png",
				"gt_parent_id":"1"
			},
			{
				"gt_id":16,
				"gt_name":"羽绒服",
				"gt_status":0,
				"gt_icon":"/static/t4.png",
				"gt_parent_id":"1"
			},
			{
				"gt_id":17,
				"gt_name":"双肩包",
				"gt_status":0,
				"gt_icon":"/static/t1.png",
				"gt_parent_id":"2"
			},
			{
				"gt_id":18,
				"gt_name":"手提包",
				"gt_status":0,
				"gt_icon":"/static/t3.png",
				"gt_parent_id":"2"
			},
			{
				"gt_id":19,
				"gt_name":"碎花裙",
				"gt_status":0,
				"gt_icon":"/static/t2.png",
				"gt_parent_id":"3"
			}
		]
	},
	"getProTypeById":[
		{
			"gt_id":14,
			"gt_name":"冬新上",
			"gt_status":0,
			"gt_icon":"/static/t1.png",
			"gt_parent_id":"1"
		},
		{
			"gt_id":15,
			"gt_name":"毛衣",
			"gt_status":0,
			"gt_icon":"/static/t3.png",
			"gt_parent_id":"1"
		},
		{
			"gt_id":16,
			"gt_name":"羽绒服",
			"gt_status":0,
			"gt_icon":"/static/t4.png",
			"gt_parent_id":"2"
		},
		{
				"gt_id":11,
				"gt_name":"上衣",
				"gt_status":0,
				"gt_icon":"/static/t3.png",
				"gt_parent_id":"2"
		},
		{
			"gt_id":12,
			"gt_name":"包包",
			"gt_status":0,
			"gt_icon":"/static/t2.png",
			"gt_parent_id":"2"
		},
		{
			"gt_id":13,
			"gt_name":"裙子",
			"gt_status":0,
			"gt_icon":"/static/t4.png",
			"gt_parent_id":"3"
		},
		{
			"gt_id":14,
			"gt_name":"冬新上",
			"gt_status":0,
			"gt_icon":"/static/t1.png",
			"gt_parent_id":"3"
		},
		{
			"gt_id":15,
			"gt_name":"毛衣",
			"gt_status":0,
			"gt_icon":"/static/t3.png",
			"gt_parent_id":"4"
		},
		{
			"gt_id":16,
			"gt_name":"羽绒服",
			"gt_status":0,
			"gt_icon":"/static/t4.png",
			"gt_parent_id":"4"
		},
		{
			"gt_id":17,
			"gt_name":"双肩包",
			"gt_status":0,
			"gt_icon":"/static/t1.png",
			"gt_parent_id":"4"
		},
		{
			"gt_id":18,
			"gt_name":"手提包",
			"gt_status":0,
			"gt_icon":"/static/t3.png",
			"gt_parent_id":"4"
		}
	],
	"getProductListById":[
		{
			"g_id":1,
			"g_img":["/static/d1.png","/static/d2.png","/static/d3.png","/static/d4.png"],
			"g_title":"时尚风衣",
			"g_price":100,
			"g_originalCost":145,
			"g_describe":"送腰带~夏新款韩版宽松显瘦纯色",
			"gt_id":11
		},
		{
			"g_id":2,
			"g_img":["/static/d2.png","/static/d3.png","/static/d4.png"],
			"g_title":"时尚风衣",
			"g_price":100,
			"g_originalCost":145,
			"g_describe":"送腰带~夏新款韩版宽松显瘦纯色",
			"gt_id":11		
		},
		{
			"g_id":3,
			"g_img":["/static/d3.png","/static/d4.png"],
			"g_title":"时尚风衣",
			"g_price":100,
			"g_originalCost":145,
			"g_describe":"送腰带~夏新款韩版宽松显瘦纯色",
			"gt_id":12			
		},
		{
			"g_id":4,
			"g_img":["/static/d4.png"],
			"g_title":"时尚风衣",
			"g_price":100,
			"g_originalCost":145,
			"g_describe":"送腰带~夏新款韩版宽松显瘦纯色",
			"gt_id":12			
		},
		{
			"g_id":4,
			"g_img":["/static/d2.png"],
			"g_title":"时尚风衣",
			"g_price":100,
			"g_originalCost":145,
			"g_describe":"送腰带~夏新款韩版宽松显瘦纯色",
			"gt_id":12			
		},
		{
			"g_id":4,
			"g_img":["/static/c1.png"],
			"g_title":"时尚风衣",
			"g_price":100,
			"g_originalCost":145,
			"g_describe":"送腰带~夏新款韩版宽松显瘦纯色",
			"gt_id":13			
		},
		{
			"g_id":4,
			"g_img":["/static/c2.png"],
			"g_title":"时尚风衣",
			"g_price":100,
			"g_originalCost":145,
			"g_describe":"送腰带~夏新款韩版宽松显瘦纯色",
			"gt_id":13			
		},
		{
			"g_id":4,
			"g_img":["/static/c3.png"],
			"g_title":"时尚风衣",
			"g_price":100,
			"g_originalCost":145,
			"g_describe":"送腰带~夏新款韩版宽松显瘦纯色",
			"gt_id":13			
		},
		{
			"g_id":4,
			"g_img":["/static/c4.png"],
			"g_title":"时尚风衣",
			"g_price":100,
			"g_originalCost":145,
			"g_describe":"送腰带~夏新款韩版宽松显瘦纯色",
			"gt_id":13			
		}

	],
	"shoppingCarList":[
		{
			"sc_id":1, 
			"g_id":1,
			"g_img":["/static/d1.png","/static/d2.png","/static/d3.png","/static/d4.png"],
			"g_title":"时尚风衣",
			"g_price":100,
			"g_describe":"送腰带~夏新款韩版宽松显瘦纯色",
			"gt_id":11,
			"u_id":"1",
			"sc_num": "1",
			"sc_creattime":"2017-10-19",
			"sc_edittime":"2017-10-19",
			"sc_ischoose":true

 		},
 		{
			"sc_id":2, 
			"g_id":1,
			"g_img":["/static/d2.png","/static/d3.png","/static/d4.png"],
			"g_title":"毛衣",
			"g_price":50,
			"g_describe":"送腰带~夏新款韩版宽松显瘦纯色",
			"gt_id":11,
			"u_id":"1",
			"sc_num": "2",
			"sc_creattime":"2017-10-19",
			"sc_edittime":"2017-10-19",
			"sc_ischoose":false
 		},
 		{
			"sc_id":3, 
			"g_id":1,
			"g_img":["/static/d3.png","/static/d4.png"],
			"g_title":"包包",
			"g_price":199,
			"g_describe":"送腰带~夏新款韩版宽松显瘦纯色",
			"gt_id":11,
			"u_id":"1",
			"sc_num": "5",
			"sc_creattime":"2017-10-19",
			"sc_edittime":"2017-10-19",
			"sc_ischoose":true
 		}
	],
	"myCollectList":[
		{
			"c_id":1,
			"g_id":1,
			"g_img":["/static/d3.png","/static/c1.png"],
			"g_title":"包包",
			"g_price":19,
			"g_describe":"送腰带~夏新款韩版宽松显瘦纯色",
			"u_id":1,
			"c_date":"2017-10-17",
			"c_iscollect":true
		},
		{
			"c_id":2,
			"g_id":2,
			"g_img":["/static/c1.png"],
			"g_title":"裙子",
			"g_price":99,
			"g_describe":"送腰什么",
			"u_id":1,
			"c_date":"2017-10-17",
			"c_iscollect":false
		},
		{
			"c_id":3,
			"g_id":3,
			"g_img":["/static/d4.png"],
			"g_title":"裙子",
			"g_price":199,
			"g_describe":"送腰什么刚刚好",
			"u_id":1,
			"c_date":"2017-10-17",
			"c_iscollect":true
		}
	],
	"getMyaddressList":[
		{
			"a_id":1,
			"a_name":"路小雨",
			"a_phone":"18721781234",
			"a_tity":"上海市宝山区大华乐购",
			"a_detailsAddress":"888弄8号",
			"a_isDefault":true
		},
		{
			"a_id":2,
			"a_name":"蓝小白",
			"a_phone":"18700001234",
			"a_tity":"上海市浦东区大华乐购",
			"a_detailsAddress":"666弄6号",
			"a_isDefault":false
		}

	]
}